<?xml version="1.0" encoding="UTF-8"?>
<assessmentItem xmlns="http://www.imsglobal.org/xsd/imsqti_v2p1" xmlns:xsi="http://www.w3.org/2001/XMLSchema-instance" xsi:schemaLocation="http://www.imsglobal.org/xsd/imsqti_v2p1  http://www.imsglobal.org/xsd/qti/qtiv2p1/imsqti_v2p1.xsd" identifier="choiceMultiple" title="Prueba" timeDependent="false">
  <responseDeclaration identifier="RESPONSE" cardinality="multiple" baseType="identifier">
    <correctResponse>
      <value>​­aaaa</value>
      <value>​­sssss</value>
    </correctResponse>
  </responseDeclaration>
  <outcomeDeclaration identifier="SCORE" cardinality="single" baseType="float">
  </outcomeDeclaration>
  <itemBody>
    <choiceInteraction responseIdentifier="RESPONSE" shuffle="true">
      <prompt>Pregunta con 1 opción</prompt>
      <simpleChoice identifier="511">​­aaaa</simpleChoice>
      <simpleChoice identifier="511">​­ffff</simpleChoice>
      <simpleChoice identifier="511">​­sssss</simpleChoice>
    </choiceInteraction>
  </itemBody>
  <responseProcessing template="http://www.imsglobal.org/question/qti_v2p0/rptemplates/match_correct&#10;"/>
</assessmentItem>
