<?xml version="1.0" encoding="UTF-8"?>
<assessmentItem xmlns="http://www.imsglobal.org/xsd/imsqti_v2p1" xmlns:xsi="http://www.w3.org/2001/XMLSchema-instance" xsi:schemaLocation="http://www.imsglobal.org/xsd/imsqti_v2p1  http://www.imsglobal.org/xsd/qti/qtiv2p1/imsqti_v2p1.xsd" identifier="choiceMultiple">
  <responseDeclaration identifier="RESPONSE" cardinality="multiple" baseType="identifier">
    <correctResponse>
      <value>​iuouioiuo­</value>
      <value>​khjkhjk­</value>
    </correctResponse>
  </responseDeclaration>
  <outcomeDeclaration identifier="SCORE" cardinality="single" baseType="float">
  </outcomeDeclaration>
  <itemBody>
    <choiceInteraction responseIdentifier="RESPONSE" shuffle="true">
      <prompt>​­yuuiiu</prompt>
      <simpleChoice identifier="​iuouioiuo­" fixed="false">​iuouioiuo­</simpleChoice>
      <simpleChoice identifier="​­klñkñ" fixed="false">​­klñkñ</simpleChoice>
      <simpleChoice identifier="​khjkhjk­" fixed="false">​khjkhjk­</simpleChoice>
    </choiceInteraction>
    <responseProcessing template="http://www.imsglobal.org/question/qti_v2p0/rptemplates/match_correct&#10;"/>
  </itemBody>
</assessmentItem>
