<?xml version="1.0" encoding="UTF-8"?>
<assessmentItem xmlns="http://www.imsglobal.org/xsd/imsqti_v2p1" xmlns:xsi="http://www.w3.org/2001/XMLSchema-instance" xsi:schemaLocation="http://www.imsglobal.org/xsd/imsqti_v2p1  http://www.imsglobal.org/xsd/qti/qtiv2p1/imsqti_v2p1.xsd" identifier="choiceMultiple" title="Prueba" timeDependent="false">
  <responseDeclaration identifier="RESPONSE" cardinality="simple" baseType="identifier">
    <correctResponse>
      <value>A0</value>
      <value>A1</value>
      <value>A2</value>
      <mapping lowerBound="0" upperBound="1" defaultValue="0">
        <mapEntry mapKey="A0" mappedValue="1"/>
        <mapEntry mapKey="A1" mappedValue="1"/>
        <mapEntry mapKey="A2" mappedValue="1"/>
        <mapEntry mapKey="A0" mappedValue="0"/>
        <mapEntry mapKey="A1" mappedValue="0"/>
        <mapEntry mapKey="A2" mappedValue="0"/>
        <mapEntry mapKey="A0" mappedValue="0"/>
        <mapEntry mapKey="A1" mappedValue="0"/>
        <mapEntry mapKey="A2" mappedValue="0"/>
      </mapping>
    </correctResponse>
  </responseDeclaration>
  <outcomeDeclaration identifier="SCORE" cardinality="single" baseType="float">
  </outcomeDeclaration>
  <itemBody>
    <choiceInteraction responseIdentifier="RESPONSE" shuffle="true">
      <prompt>​adsdas­</prompt>
      <simpleChoice identifier="A0">asddasd­</simpleChoice>
      <simpleChoice identifier="A1">asddasd­</simpleChoice>
      <simpleChoice identifier="A2">asddasd­</simpleChoice>
      <simpleChoice identifier="A0">​hhhh­</simpleChoice>
      <simpleChoice identifier="A1">​hhhh­</simpleChoice>
      <simpleChoice identifier="A2">​hhhh­</simpleChoice>
      <simpleChoice identifier="A0">​yrtyrty­</simpleChoice>
      <simpleChoice identifier="A1">​yrtyrty­</simpleChoice>
      <simpleChoice identifier="A2">​yrtyrty­</simpleChoice>
    </choiceInteraction>
  </itemBody>
  <responseProcessing template="http://www.imsglobal.org/question/qti_v2p0/rptemplates/match_correct&#10;"/>
</assessmentItem>
