<?xml version="1.0" encoding="UTF-8"?>
<assessmentItem xmlns="http://www.imsglobal.org/xsd/imsqti_v2p1" xmlns:xsi="http://www.w3.org/2001/XMLSchema-instance" xsi:schemaLocation="http://www.imsglobal.org/xsd/imsqti_v2p1  http://www.imsglobal.org/xsd/qti/qtiv2p1/imsqti_v2p1.xsd" identifier="choiceMultiple" adaptative="false" timeDependent="false">
  <responseDeclaration identifier="RESPONSE" cardinality="multiple" baseType="identifier">
    <correctResponse>
      <value>asdasdasd­</value>
      <value>​sdasd­</value>
    </correctResponse>
    <mapping lowerBound="0" upperBound="2" defaultValue="-2">
      <mapEntry mapKey="H" mappedValue="1"/>
      <mapEntry mapKey="O" mappedValue="1"/>
      <mapEntry mapKey="Cl" mappedValue="-1"/>
    </mapping>
  </responseDeclaration>
  <outcomeDeclaration identifier="SCORE" cardinality="single" baseType="float">
  </outcomeDeclaration>
  <itemBody>
    <choiceInteraction responseIdentifier="RESPONSE" shuffle="true">
      <prompt>​­asdasd</prompt>
      <simpleChoice identifier="asdasdasd­" fixed="false">asdasdasd­</simpleChoice>
      <simpleChoice identifier="​­ffff" fixed="false">​­ffff</simpleChoice>
      <simpleChoice identifier="​sdasd­" fixed="false">​sdasd­</simpleChoice>
    </choiceInteraction>
    <responseProcessing template="http://www.imsglobal.org/question/qti_v2p0/rptemplates/match_correct&#10;"/>
  </itemBody>
</assessmentItem>
