<?xml version="1.0" encoding="UTF-8"?>
<assessmentItem xmlns="http://www.imsglobal.org/xsd/imsqti_v2p1" xmlns:xsi="http://www.w3.org/2001/XMLSchema-instance" xsi:schemaLocation="http://www.imsglobal.org/xsd/imsqti_v2p1  http://www.imsglobal.org/xsd/qti/qtiv2p1/imsqti_v2p1.xsd" identifier="choiceMultiple" title="Prueba" timeDependent="false">
  <responseDeclaration identifier="RESPONSE" cardinality="multiple" baseType="identifier">
    <correctResponse>
      <value>​saddasd­</value>
      <value>​wrwerwer­</value>
    </correctResponse>
  </responseDeclaration>
  <outcomeDeclaration identifier="SCORE" cardinality="single" baseType="float">
  </outcomeDeclaration>
  <itemBody>
    <choiceInteraction responseIdentifier="RESPONSE" shuffle="true">
      <prompt>​asdasd­</prompt>
      <simpleChoice identifier="​saddasd­" fixed="false">​saddasd­</simpleChoice>
      <simpleChoice identifier="​­gggg" fixed="false">​­gggg</simpleChoice>
      <simpleChoice identifier="​wrwerwer­" fixed="false">​wrwerwer­</simpleChoice>
    </choiceInteraction>
    <responseProcessing template="http://www.imsglobal.org/question/qti_v2p0/rptemplates/match_correct&#10;"/>
  </itemBody>
</assessmentItem>
