<?xml version="1.0" encoding="UTF-8"?>
<assessmentItem xmlns="http://www.imsglobal.org/xsd/imsqti_v2p1" xmlns:xsi="http://www.w3.org/2001/XMLSchema-instance" xsi:schemaLocation="http://www.imsglobal.org/xsd/imsqti_v2p1  http://www.imsglobal.org/xsd/qti/qtiv2p1/imsqti_v2p1.xsd" identifier="choiceMultiple" adaptative="false" timeDependent="false">
  <responseDeclaration identifier="RESPONSE" cardinality="multiple" baseType="identifier">
    <correctResponse>
    </correctResponse>
    <mapping lowerBound="0" upperBound="2" defaultValue="-2">
      <mapEntry mapKey="H" mappedValue="1"/>
      <mapEntry mapKey="O" mappedValue="1"/>
      <mapEntry mapKey="Cl" mappedValue="-1"/>
    </mapping>
  </responseDeclaration>
  <outcomeDeclaration identifier="SCORE" cardinality="single" baseType="float">
    <itemBody>
      <choiceInteraction responseIdentifier="RESPONSE" shuffle="true" maxChoices="0">
        <prompt>La pregunta­</prompt>
        <simpleChoice identifier="Opcion verdadera" fixed="false">Opcion verdadera</simpleChoice>
        <simpleChoice identifier="​­Opcion falsa" fixed="false">​­Opcion falsa</simpleChoice>
        <simpleChoice identifier="Opcion verdadera­ 2" fixed="false">Opcion verdadera­ 2</simpleChoice>
      </choiceInteraction>
    </itemBody>
    <responseProcessing template="http://www.imsglobal.org/question/qti_v2p1/rptemplates/map_response"/>
  </outcomeDeclaration>
</assessmentItem>
