<?xml version="1.0" encoding="UTF-8"?>
<assessmentItem xmlns="http://www.imsglobal.org/xsd/imsqti_v2p1" xmlns:xsi="http://www.w3.org/2001/XMLSchema-instance" xsi:schemaLocation="http://www.imsglobal.org/xsd/imsqti_v2p1  http://www.imsglobal.org/xsd/qti/qtiv2p1/imsqti_v2p1.xsd" identifier="choiceMultiple" adaptative="false" timeDependent="false">
  <responseDeclaration identifier="RESPONSE" cardinality="multiple" baseType="identifier">
    <correctResponse>
      <value>ddddd­</value>
      <value>​aaaaa­</value>
    </correctResponse>
  </responseDeclaration>
  <outcomeDeclaration identifier="SCORE" cardinality="single" baseType="float">
  </outcomeDeclaration>
  <itemBody>
    <choiceInteraction responseIdentifier="RESPONSE" shuffle="true">
      <prompt>​­adasdas</prompt>
      <simpleChoice identifier="ddddd­" fixed="false">ddddd­</simpleChoice>
      <simpleChoice identifier="​­dddd" fixed="false">​­dddd</simpleChoice>
      <simpleChoice identifier="​aaaaa­" fixed="false">​aaaaa­</simpleChoice>
    </choiceInteraction>
    <responseProcessing template="http://www.imsglobal.org/question/qti_v2p0/rptemplates/match_correct&#10;"/>
  </itemBody>
</assessmentItem>
