<?xml version="1.0" encoding="UTF-8"?>
<assessmentItem xmlns="http://www.imsglobal.org/xsd/imsqti_v2p1" xmlns:xsi="http://www.w3.org/2001/XMLSchema-instance" xsi:schemaLocation="http://www.imsglobal.org/xsd/imsqti_v2p1  http://www.imsglobal.org/xsd/qti/qtiv2p1/imsqti_v2p1.xsd" identifier="choiceMultiple" title="Prueba" timeDependent="false">
  <responseDeclaration identifier="RESPONSE" cardinality="multiple" baseType="identifier">
    <correctResponse>
      <value>A0</value>
      <value>A1</value>
      <mapping lowerBound="0" upperBound="1" defaultValue="0">
        <mapEntry mapKey="A0" mappedValue="0.3333333333333333"/>
        <mapEntry mapKey="A1" mappedValue="0.3333333333333333"/>
        <mapEntry mapKey="A2" mappedValue="0.0"/>
      </mapping>
    </correctResponse>
  </responseDeclaration>
  <outcomeDeclaration identifier="SCORE" cardinality="single" baseType="float">
  </outcomeDeclaration>
  <itemBody>
    <choiceInteraction responseIdentifier="RESPONSE" shuffle="true">
      <prompt>​ikjk­</prompt>
      <simpleChoice identifier="A0">​jijl­</simpleChoice>
      <simpleChoice identifier="A1">​7y8iu­</simpleChoice>
      <simpleChoice identifier="A2">​huiyiu­</simpleChoice>
    </choiceInteraction>
  </itemBody>
  <responseProcessing template="http://www.imsglobal.org/question/qti_v2p0/rptemplates/match_correct&#10;"/>
</assessmentItem>
